{"sections":{"image_banner":{"type":"image-banner","blocks":{"heading":{"type":"heading","settings":{"heading":"Browse our latest products","heading_size":"h0"}},"button":{"type":"buttons","settings":{"button_label_1":"Shop all","button_link_1":"shopify:\/\/collections\/all","button_style_secondary_1":true,"button_label_2":"","button_link_2":"","button_style_secondary_2":false}}},"block_order":["heading","button"],"settings":{"image_overlay_opacity":40,"image_height":"large","desktop_content_position":"bottom-center","show_text_box":false,"desktop_content_alignment":"center","color_scheme":"inverse","image_behavior":"none","mobile_content_alignment":"center","stack_images_on_mobile":false,"show_text_below":false}},"featured_collection":{"type":"featured-collection","settings":{"title":"Featured products","heading_size":"h2","description":"<p>this product mostly use of this in childrens <\/p>","show_description":false,"description_style":"body","collection":"all","products_to_show":8,"columns_desktop":4,"full_width":false,"show_view_all":true,"view_all_style":"solid","enable_desktop_slider":false,"color_scheme":"background-1","image_ratio":"portrait","image_shape":"default","show_secondary_image":false,"show_vendor":false,"show_rating":false,"enable_quick_add":false,"columns_mobile":"2","swipe_on_mobile":false,"padding_top":44,"padding_bottom":36}},"38eb4585-d149-455c-b50b-0b4ad7cdeb3e":{"type":"collection-list","blocks":{"template--15303487651929__38eb4585-d149-455c-b50b-0b4ad7cdeb3e-featured_collection-1":{"type":"featured_collection","settings":{"collection":"anand-cloth"}},"template--15303487651929__38eb4585-d149-455c-b50b-0b4ad7cdeb3e-featured_collection-2":{"type":"featured_collection","settings":{"collection":"3-d-puzzles"}},"template--15303487651929__38eb4585-d149-455c-b50b-0b4ad7cdeb3e-featured_collection-3":{"type":"featured_collection","settings":{"collection":"animal"}}},"block_order":["template--15303487651929__38eb4585-d149-455c-b50b-0b4ad7cdeb3e-featured_collection-1","template--15303487651929__38eb4585-d149-455c-b50b-0b4ad7cdeb3e-featured_collection-2","template--15303487651929__38eb4585-d149-455c-b50b-0b4ad7cdeb3e-featured_collection-3"],"settings":{"title":"Collections","heading_size":"h1","image_ratio":"square","columns_desktop":3,"color_scheme":"","show_view_all":false,"columns_mobile":"1","swipe_on_mobile":false,"padding_top":36,"padding_bottom":36}},"swatch_colors_DdLq9X":{"type":"swatch-colors","blocks":{"color_swatches_EgJGwX":{"type":"color_swatches","settings":{"title":"blue","color":"#0555f9"}},"color_swatches_MQ74aQ":{"type":"color_swatches","settings":{"title":"red","color":"#ed0a0a"}},"color_swatches_iccinA":{"type":"color_swatches","settings":{"title":"green","color":"#0ef912"}},"color_swatches_n4am7Y":{"type":"color_swatches","settings":{"title":"yellow","color":"#f2ef08"}}},"block_order":["color_swatches_EgJGwX","color_swatches_MQ74aQ","color_swatches_iccinA","color_swatches_n4am7Y"],"settings":{}}},"order":["image_banner","featured_collection","38eb4585-d149-455c-b50b-0b4ad7cdeb3e","swatch_colors_DdLq9X"]}