{"sections":{"main":{"type":"main-page","settings":{"padding_top":28,"padding_bottom":28}},"8f024ba0-7294-461b-837c-857c1bceabd2":{"type":"featured-product","blocks":{"template--15303487750233__8f024ba0-7294-461b-837c-857c1bceabd2-text-1":{"type":"text","settings":{"text":"{{ section.settings.product.vendor }}","text_style":"uppercase"}},"template--15303487750233__8f024ba0-7294-461b-837c-857c1bceabd2-title-1":{"type":"title","settings":{"heading_size":"h1"}},"template--15303487750233__8f024ba0-7294-461b-837c-857c1bceabd2-price-1":{"type":"price","settings":{}},"template--15303487750233__8f024ba0-7294-461b-837c-857c1bceabd2-variant_picker-1":{"type":"variant_picker","settings":{"picker_type":"button"}},"template--15303487750233__8f024ba0-7294-461b-837c-857c1bceabd2-quantity_selector-1":{"type":"quantity_selector","settings":{}},"template--15303487750233__8f024ba0-7294-461b-837c-857c1bceabd2-buy_buttons-1":{"type":"buy_buttons","settings":{"show_dynamic_checkout":true,"show_gift_card_recipient":true}},"template--15303487750233__8f024ba0-7294-461b-837c-857c1bceabd2-share-1":{"type":"share","settings":{"share_label":"Share"}}},"block_order":["template--15303487750233__8f024ba0-7294-461b-837c-857c1bceabd2-text-1","template--15303487750233__8f024ba0-7294-461b-837c-857c1bceabd2-title-1","template--15303487750233__8f024ba0-7294-461b-837c-857c1bceabd2-price-1","template--15303487750233__8f024ba0-7294-461b-837c-857c1bceabd2-variant_picker-1","template--15303487750233__8f024ba0-7294-461b-837c-857c1bceabd2-quantity_selector-1","template--15303487750233__8f024ba0-7294-461b-837c-857c1bceabd2-buy_buttons-1","template--15303487750233__8f024ba0-7294-461b-837c-857c1bceabd2-share-1"],"disabled":true,"settings":{"product":"410cm-digimon-tailmon-plush-toy","color_scheme":"","secondary_background":false,"media_size":"medium","constrain_to_viewport":true,"media_fit":"contain","media_position":"left","image_zoom":"lightbox","hide_variants":false,"enable_video_looping":false,"padding_top":36,"padding_bottom":36}}},"order":["main","8f024ba0-7294-461b-837c-857c1bceabd2"]}